dataset,old_name,item_text,scale,category,label,item_name,year,new_name,reverse,mini,maxi,recode
,PERSNR,Never Changing Person ID,,Procedural,,SID,0,Procedural__SID,1,,,
,hhnr,household ID,,Procedural,,household,0,Procedural__household,1,,,
ppfad,gebjahr,Year of Birth,numeric,Demographic,,DOB,0,Demographic__DOB,1,,,
ppfad,sex,Sex,"
1 [1] Male
2 [2] Female
-1 [-1] No Answer
-2 [-2] Does not apply
-3 [-3] Answer improbable
-4 [-4] Inadmissible multiple response
-5 [-5] Not included in this version of the questionnaire
-6 [-6] Version of questionnaire with modified filtering
56186 57630 24 0 0 0 0 0",Demographic,,Sex,0,Demographic__Sex,1,,,
vp,VP12501 ,Thorough Worker,,Big 5,C,thorough,2005,Big 5__C_thorough.2005,1,1,7,
zp,ZP12001 ,Thorough Worker,,Big 5,C,thorough,2009,Big 5__C_thorough.2009,1,1,7,
bdp,BDP15101 ,Thorough Worker,,Big 5,C,thorough,2013,Big 5__C_thorough.2013,1,1,7,
vp,VP12502,Am communicative ,,Big 5,E,communic,2005,Big 5__E_communic.2005,1,1,7,
zp,ZP12002,Am communicative ,,Big 5,E,communic,2009,Big 5__E_communic.2009,1,1,7,
bdp,BDP15102,Am communicative ,,Big 5,E,communic,2013,Big 5__E_communic.2013,1,1,7,
vp,VP12503,Am sometimes too coarse with others ,,Big 5,A,coarse,2005,Big 5__A_coarse.2005,-1,1,7,
zp,ZP12003,Am sometimes too coarse with others ,,Big 5,A,coarse,2009,Big 5__A_coarse.2009,-1,1,7,
bdp,BDP15103,Am sometimes too coarse with others ,,Big 5,A,coarse,2013,Big 5__A_coarse.2013,-1,1,7,
vp,VP12504,Am original ,,Big 5,O,original,2005,Big 5__O_original.2005,1,1,7,
zp,ZP12004,Am original ,,Big 5,O,original,2009,Big 5__O_original.2009,1,1,7,
bdp,BDP15104,Am original ,,Big 5,O,original,2013,Big 5__O_original.2013,1,1,7,
vp,VP12505,Worry a lot ,,Big 5,N,worry,2005,Big 5__N_worry.2005,-1,1,7,
zp,ZP12005,Worry a lot ,,Big 5,N,worry,2009,Big 5__N_worry.2009,-1,1,7,
bdp,BDP15105,Worry a lot ,,Big 5,N,worry,2013,Big 5__N_worry.2013,-1,1,7,
vp,VP12506,Able to forgive ,,Big 5,A,forgive,2005,Big 5__A_forgive.2005,1,1,7,
zp,ZP12006,Able to forgive ,,Big 5,A,forgive,2009,Big 5__A_forgive.2009,1,1,7,
bdp,BDP15106,Able to forgive ,,Big 5,A,forgive,2013,Big 5__A_forgive.2013,1,1,7,
vp,VP12507,Tend to be lazy ,,Big 5,C,lazy,2005,Big 5__C_lazy.2005,-1,1,7,
zp,ZP12007,Tend to be lazy ,,Big 5,C,lazy,2009,Big 5__C_lazy.2009,-1,1,7,
bdp,BDP15107,Tend to be lazy ,,Big 5,C,lazy,2013,Big 5__C_lazy.2013,-1,1,7,
vp,VP12508,Am sociable ,,Big 5,E,sociable,2005,Big 5__E_sociable.2005,1,1,7,
zp,ZP12008,Am sociable ,,Big 5,E,sociable,2009,Big 5__E_sociable.2009,1,1,7,
bdp,BDP15108,Am sociable ,,Big 5,E,sociable,2013,Big 5__E_sociable.2013,1,1,7,
vp,VP12509,Value artistic experiences,,Big 5,O,artistic,2005,Big 5__O_artistic.2005,1,1,7,
zp,ZP12009,Value artistic experiences,,Big 5,O,artistic,2009,Big 5__O_artistic.2009,1,1,7,
bdp,BDP15109,Value artistic experiences,,Big 5,O,artistic,2013,Big 5__O_artistic.2013,1,1,7,
vp,VP12510,Somewhat nervous,,Big 5,N,nervous,2005,Big 5__N_nervous.2005,-1,1,7,
zp,ZP12010,Somewhat nervous,,Big 5,N,nervous,2009,Big 5__N_nervous.2009,-1,1,7,
bdp,BDP15110,Somewhat nervous,,Big 5,N,nervous,2013,Big 5__N_nervous.2013,-1,1,7,
vp,VP12511,Carry out tasks efficiently,,Big 5,C,efficient,2005,Big 5__C_efficient.2005,1,1,7,
zp,ZP12011,Carry out tasks efficiently,,Big 5,C,efficient,2009,Big 5__C_efficient.2009,1,1,7,
bdp,BDP15111,Carry out tasks efficiently,,Big 5,C,efficient,2013,Big 5__C_efficient.2013,1,1,7,
vp,VP12512,Reserved,,Big 5,E,reserved,2005,Big 5__E_reserved.2005,-1,1,7,
zp,ZP12012,Reserved,,Big 5,E,reserved,2009,Big 5__E_reserved.2009,-1,1,7,
bdp,BDP15112,Reserved,,Big 5,E,reserved,2013,Big 5__E_reserved.2013,-1,1,7,
vp,VP12513,Friendly with others,,Big 5,A,friendly,2005,Big 5__A_friendly.2005,1,1,7,
zp,ZP12013,Friendly with others,,Big 5,A,friendly,2009,Big 5__A_friendly.2009,1,1,7,
bdp,BDP15113,Friendly with others,,Big 5,A,friendly,2013,Big 5__A_friendly.2013,1,1,7,
vp,VP12514,Have a lively imagination,,Big 5,O,imagin,2005,Big 5__O_imagin.2005,1,1,7,
zp,ZP12014,Have a lively imagination,,Big 5,O,imagin,2009,Big 5__O_imagin.2009,1,1,7,
bdp,BDP15114,Have a lively imagination,,Big 5,O,imagin,2013,Big 5__O_imagin.2013,1,1,7,
vp,VP12515,Deal well with stress,,Big 5,N,dealStress,2005,Big 5__N_dealStress.2005,1,1,7,
zp,ZP12015,Deal well with stress,,Big 5,N,dealStress,2009,Big 5__N_dealStress.2009,1,1,7,
bdp,BDP15115,Deal well with stress,,Big 5,N,dealStress,2013,Big 5__N_dealStress.2013,1,1,7,
vp,VP15307,Child Born,,Life Event,ChldBrth,ChldBrth,2005,Life Event__ChldBrth_ChldBrth.2005,1,,,1 = experienced; 0 = did not experience
wp,WP14107,Child Born,,Life Event,ChldBrth,ChldBrth,2006,Life Event__ChldBrth_ChldBrth.2006,1,,,1 = experienced; 0 = did not experience
xp,XP14807,Child Born,,Life Event,ChldBrth,ChldBrth,2007,Life Event__ChldBrth_ChldBrth.2007,1,,,1 = experienced; 0 = did not experience
yp,YP15407,Child Born,,Life Event,ChldBrth,ChldBrth,2008,Life Event__ChldBrth_ChldBrth.2008,1,,,1 = experienced; 0 = did not experience
zp,ZP15607,Child Born,,Life Event,ChldBrth,ChldBrth,2009,Life Event__ChldBrth_ChldBrth.2009,1,,,1 = experienced; 0 = did not experience
bap,BAP15907,Child Born,,Life Event,ChldBrth,ChldBrth,2010,Life Event__ChldBrth_ChldBrth.2010,1,,,1 = experienced; 0 = did not experience
bbp,BBP15110,Child Born,,Life Event,ChldBrth,ChldBrth,2011,Life Event__ChldBrth_ChldBrth.2011,1,,,1 = experienced; 0 = did not experience
bcp,BCP15010,Child Born,,Life Event,ChldBrth,ChldBrth,2012,Life Event__ChldBrth_ChldBrth.2012,1,,,1 = experienced; 0 = did not experience
bdp,BDP15710,Child Born,,Life Event,ChldBrth,ChldBrth,2013,Life Event__ChldBrth_ChldBrth.2013,1,,,1 = experienced; 0 = did not experience
bep,BEP15010,Child Born,,Life Event,ChldBrth,ChldBrth,2014,Life Event__ChldBrth_ChldBrth.2014,1,,,1 = experienced; 0 = did not experience
bfp,BFP17310,Child Born,,Life Event,ChldBrth,ChldBrth,2015,Life Event__ChldBrth_ChldBrth.2015,1,,,1 = experienced; 0 = did not experience
vp,VP15310,Child Moved Out,,Life Event,ChldMvOut,ChldMvOut,2005,Life Event__ChldMvOut_ChldMvOut.2005,1,,,1 = experienced; 0 = did not experience
wp,WP14110,Child Moved Out,,Life Event,ChldMvOut,ChldMvOut,2006,Life Event__ChldMvOut_ChldMvOut.2006,1,,,1 = experienced; 0 = did not experience
xp,XP14813,Child Moved Out,,Life Event,ChldMvOut,ChldMvOut,2007,Life Event__ChldMvOut_ChldMvOut.2007,1,,,1 = experienced; 0 = did not experience
yp,YP15413,Child Moved Out,,Life Event,ChldMvOut,ChldMvOut,2008,Life Event__ChldMvOut_ChldMvOut.2008,1,,,1 = experienced; 0 = did not experience
zp,ZP15613,Child Moved Out,,Life Event,ChldMvOut,ChldMvOut,2009,Life Event__ChldMvOut_ChldMvOut.2009,1,,,1 = experienced; 0 = did not experience
bap,BAP15913,Child Moved Out,,Life Event,ChldMvOut,ChldMvOut,2010,Life Event__ChldMvOut_ChldMvOut.2010,1,,,1 = experienced; 0 = did not experience
bbp,BBP15116,Child Moved Out,,Life Event,ChldMvOut,ChldMvOut,2011,Life Event__ChldMvOut_ChldMvOut.2011,1,,,1 = experienced; 0 = did not experience
bcp,BCP15016,Child Moved Out,,Life Event,ChldMvOut,ChldMvOut,2012,Life Event__ChldMvOut_ChldMvOut.2012,1,,,1 = experienced; 0 = did not experience
bdp,BDP15716,Child Moved Out,,Life Event,ChldMvOut,ChldMvOut,2013,Life Event__ChldMvOut_ChldMvOut.2013,1,,,1 = experienced; 0 = did not experience
bep,BEP15016,Child Moved Out,,Life Event,ChldMvOut,ChldMvOut,2014,Life Event__ChldMvOut_ChldMvOut.2014,1,,,1 = experienced; 0 = did not experience
bfp,BFP17316,Child Moved Out,,Life Event,ChldMvOut,ChldMvOut,2015,Life Event__ChldMvOut_ChldMvOut.2015,1,,,1 = experienced; 0 = did not experience
vp,VP15316,Divorced,,Life Event,Divorce,Divorce,2005,Life Event__Divorce_Divorce.2005,1,,,1 = experienced; 0 = did not experience
wp,WP14116,Divorced,,Life Event,Divorce,Divorce,2006,Life Event__Divorce_Divorce.2006,1,,,1 = experienced; 0 = did not experience
xp,XP14819,Divorced,,Life Event,Divorce,Divorce,2007,Life Event__Divorce_Divorce.2007,1,,,1 = experienced; 0 = did not experience
yp,YP15419,Divorced,,Life Event,Divorce,Divorce,2008,Life Event__Divorce_Divorce.2008,1,,,1 = experienced; 0 = did not experience
zp,ZP15619,Divorced,,Life Event,Divorce,Divorce,2009,Life Event__Divorce_Divorce.2009,1,,,1 = experienced; 0 = did not experience
bap,BAP15919,Divorced,,Life Event,Divorce,Divorce,2010,Life Event__Divorce_Divorce.2010,1,,,1 = experienced; 0 = did not experience
bbp,BBP15122,Divorced,,Life Event,Divorce,Divorce,2011,Life Event__Divorce_Divorce.2011,1,,,1 = experienced; 0 = did not experience
bcp,BCP15022,Divorced,,Life Event,Divorce,Divorce,2012,Life Event__Divorce_Divorce.2012,1,,,1 = experienced; 0 = did not experience
bdp,BDP15722,Divorced,,Life Event,Divorce,Divorce,2013,Life Event__Divorce_Divorce.2013,1,,,1 = experienced; 0 = did not experience
bep,BEP15022,Divorced,,Life Event,Divorce,Divorce,2014,Life Event__Divorce_Divorce.2014,1,,,1 = experienced; 0 = did not experience
bfp,BFP17322,Divorced,,Life Event,Divorce,Divorce,2015,Life Event__Divorce_Divorce.2015,1,,,1 = experienced; 0 = did not experience
vp,VP15322,Father Died,,Life Event,DadDied,DadDied,2005,Life Event__DadDied_DadDied.2005,1,,,1 = experienced; 0 = did not experience
wp,WP14122,Father Died,,Life Event,DadDied,DadDied,2006,Life Event__DadDied_DadDied.2006,1,,,1 = experienced; 0 = did not experience
xp,XP14825,Father Died,,Life Event,DadDied,DadDied,2007,Life Event__DadDied_DadDied.2007,1,,,1 = experienced; 0 = did not experience
yp,YP15425,Father Died,,Life Event,DadDied,DadDied,2008,Life Event__DadDied_DadDied.2008,1,,,1 = experienced; 0 = did not experience
zp,ZP15625,Father Died,,Life Event,DadDied,DadDied,2009,Life Event__DadDied_DadDied.2009,1,,,1 = experienced; 0 = did not experience
bap,BAP15925,Father Died,,Life Event,DadDied,DadDied,2010,Life Event__DadDied_DadDied.2010,1,,,1 = experienced; 0 = did not experience
bbp,BBP15128,Father Died,,Life Event,DadDied,DadDied,2011,Life Event__DadDied_DadDied.2011,1,,,1 = experienced; 0 = did not experience
bcp,BCP15028,Father Died,,Life Event,DadDied,DadDied,2012,Life Event__DadDied_DadDied.2012,1,,,1 = experienced; 0 = did not experience
bdp,BDP15728,Father Died,,Life Event,DadDied,DadDied,2013,Life Event__DadDied_DadDied.2013,1,,,1 = experienced; 0 = did not experience
bep,BEP15028,Father Died,,Life Event,DadDied,DadDied,2014,Life Event__DadDied_DadDied.2014,1,,,1 = experienced; 0 = did not experience
bfp,BFP17328,Father Died,,Life Event,DadDied,DadDied,2015,Life Event__DadDied_DadDied.2015,1,,,1 = experienced; 0 = did not experience
bbp,BBP15101,Got Together with a New Partner,,Life Event,NewPart,NewPart,2011,Life Event__NewPart_NewPart.2011,1,,,1 = experienced; 0 = did not experience
bcp,BCP15001,Got Together with a New Partner,,Life Event,NewPart,NewPart,2012,Life Event__NewPart_NewPart.2012,1,,,1 = experienced; 0 = did not experience
bdp,BDP15701,Got Together with a New Partner,,Life Event,NewPart,NewPart,2013,Life Event__NewPart_NewPart.2013,1,,,1 = experienced; 0 = did not experience
bep,BEP15001,Got Together with a New Partner,,Life Event,NewPart,NewPart,2014,Life Event__NewPart_NewPart.2014,1,,,1 = experienced; 0 = did not experience
bfp,BFP17301,Got Together with a New Partner,,Life Event,NewPart,NewPart,2015,Life Event__NewPart_NewPart.2015,1,,,1 = experienced; 0 = did not experience
vp,VP15301,Married,,Life Event,Married,Married,2005,Life Event__Married_Married.2005,1,,,1 = experienced; 0 = did not experience
wp,WP14101,Married,,Life Event,Married,Married,2006,Life Event__Married_Married.2006,1,,,1 = experienced; 0 = did not experience
xp,XP14801,Married,,Life Event,Married,Married,2007,Life Event__Married_Married.2007,1,,,1 = experienced; 0 = did not experience
yp,YP15401,Married,,Life Event,Married,Married,2008,Life Event__Married_Married.2008,1,,,1 = experienced; 0 = did not experience
zp,ZP15601,Married,,Life Event,Married,Married,2009,Life Event__Married_Married.2009,1,,,1 = experienced; 0 = did not experience
bap,BAP15901,Married,,Life Event,Married,Married,2010,Life Event__Married_Married.2010,1,,,1 = experienced; 0 = did not experience
bbp,BBP15104,Married,,Life Event,Married,Married,2011,Life Event__Married_Married.2011,1,,,1 = experienced; 0 = did not experience
bcp,BCP15004,Married,,Life Event,Married,Married,2012,Life Event__Married_Married.2012,1,,,1 = experienced; 0 = did not experience
bdp,BDP15704,Married,,Life Event,Married,Married,2013,Life Event__Married_Married.2013,1,,,1 = experienced; 0 = did not experience
bep,BEP15004,Married,,Life Event,Married,Married,2014,Life Event__Married_Married.2014,1,,,1 = experienced; 0 = did not experience
bfp,BFP17304,Married,,Life Event,Married,Married,2015,Life Event__Married_Married.2015,1,,,1 = experienced; 0 = did not experience
vp,VP15325,Mother Died,,Life Event,MomDied,MomDied,2005,Life Event__MomDied_MomDied.2005,1,,,1 = experienced; 0 = did not experience
wp,WP14125,Mother Died,,Life Event,MomDied,MomDied,2006,Life Event__MomDied_MomDied.2006,1,,,1 = experienced; 0 = did not experience
xp,XP14828,Mother Died,,Life Event,MomDied,MomDied,2007,Life Event__MomDied_MomDied.2007,1,,,1 = experienced; 0 = did not experience
yp,YP15428,Mother Died,,Life Event,MomDied,MomDied,2008,Life Event__MomDied_MomDied.2008,1,,,1 = experienced; 0 = did not experience
zp,ZP15628,Mother Died,,Life Event,MomDied,MomDied,2009,Life Event__MomDied_MomDied.2009,1,,,1 = experienced; 0 = did not experience
bap,BAP15928,Mother Died,,Life Event,MomDied,MomDied,2010,Life Event__MomDied_MomDied.2010,1,,,1 = experienced; 0 = did not experience
bbp,BBP15131,Mother Died,,Life Event,MomDied,MomDied,2011,Life Event__MomDied_MomDied.2011,1,,,1 = experienced; 0 = did not experience
bcp,BCP15031,Mother Died,,Life Event,MomDied,MomDied,2012,Life Event__MomDied_MomDied.2012,1,,,1 = experienced; 0 = did not experience
bdp,BDP15731,Mother Died,,Life Event,MomDied,MomDied,2013,Life Event__MomDied_MomDied.2013,1,,,1 = experienced; 0 = did not experience
bep,BEP15031,Mother Died,,Life Event,MomDied,MomDied,2014,Life Event__MomDied_MomDied.2014,1,,,1 = experienced; 0 = did not experience
bfp,BFP17331,Mother Died,,Life Event,MomDied,MomDied,2015,Life Event__MomDied_MomDied.2015,1,,,1 = experienced; 0 = did not experience
vp,VP15304,Moved In Together,,Life Event,MoveIn,MoveIn,2005,Life Event__MoveIn_MoveIn.2005,1,,,1 = experienced; 0 = did not experience
wp,WP14104,Moved In Together,,Life Event,MoveIn,MoveIn,2006,Life Event__MoveIn_MoveIn.2006,1,,,1 = experienced; 0 = did not experience
xp,XP14804,Moved In Together,,Life Event,MoveIn,MoveIn,2007,Life Event__MoveIn_MoveIn.2007,1,,,1 = experienced; 0 = did not experience
yp,YP15404,Moved In Together,,Life Event,MoveIn,MoveIn,2008,Life Event__MoveIn_MoveIn.2008,1,,,1 = experienced; 0 = did not experience
zp,ZP15604,Moved In Together,,Life Event,MoveIn,MoveIn,2009,Life Event__MoveIn_MoveIn.2009,1,,,1 = experienced; 0 = did not experience
bap,BAP15904,Moved In Together,,Life Event,MoveIn,MoveIn,2010,Life Event__MoveIn_MoveIn.2010,1,,,1 = experienced; 0 = did not experience
bbp,BBP15107,Moved In Together,,Life Event,MoveIn,MoveIn,2011,Life Event__MoveIn_MoveIn.2011,1,,,1 = experienced; 0 = did not experience
bcp,BCP15007,Moved In Together,,Life Event,MoveIn,MoveIn,2012,Life Event__MoveIn_MoveIn.2012,1,,,1 = experienced; 0 = did not experience
bdp,BDP15707,Moved In Together,,Life Event,MoveIn,MoveIn,2013,Life Event__MoveIn_MoveIn.2013,1,,,1 = experienced; 0 = did not experience
bep,BEP15007,Moved In Together,,Life Event,MoveIn,MoveIn,2014,Life Event__MoveIn_MoveIn.2014,1,,,1 = experienced; 0 = did not experience
bfp,BFP17307,Moved In Together,,Life Event,MoveIn,MoveIn,2015,Life Event__MoveIn_MoveIn.2015,1,,,1 = experienced; 0 = did not experience
vp,VP15319,Partner Died,,Life Event,PartDied,PartDied,2005,Life Event__PartDied_PartDied.2005,1,,,1 = experienced; 0 = did not experience
wp,WP14119,Partner Died,,Life Event,PartDied,PartDied,2006,Life Event__PartDied_PartDied.2006,1,,,1 = experienced; 0 = did not experience
xp,XP14822,Partner Died,,Life Event,PartDied,PartDied,2007,Life Event__PartDied_PartDied.2007,1,,,1 = experienced; 0 = did not experience
yp,YP15422,Partner Died,,Life Event,PartDied,PartDied,2008,Life Event__PartDied_PartDied.2008,1,,,1 = experienced; 0 = did not experience
zp,ZP15622,Partner Died,,Life Event,PartDied,PartDied,2009,Life Event__PartDied_PartDied.2009,1,,,1 = experienced; 0 = did not experience
bap,BAP15922,Partner Died,,Life Event,PartDied,PartDied,2010,Life Event__PartDied_PartDied.2010,1,,,1 = experienced; 0 = did not experience
bbp,BBP15125,Partner Died,,Life Event,PartDied,PartDied,2011,Life Event__PartDied_PartDied.2011,1,,,1 = experienced; 0 = did not experience
bcp,BCP15025,Partner Died,,Life Event,PartDied,PartDied,2012,Life Event__PartDied_PartDied.2012,1,,,1 = experienced; 0 = did not experience
bdp,BDP15725,Partner Died,,Life Event,PartDied,PartDied,2013,Life Event__PartDied_PartDied.2013,1,,,1 = experienced; 0 = did not experience
bep,BEP15025,Partner Died,,Life Event,PartDied,PartDied,2014,Life Event__PartDied_PartDied.2014,1,,,1 = experienced; 0 = did not experience
bfp,BFP17325,Partner Died,,Life Event,PartDied,PartDied,2015,Life Event__PartDied_PartDied.2015,1,,,1 = experienced; 0 = did not experience
vp,VP15313,Separated From Partner,,Life Event,SepPart,SepPart,2005,Life Event__SepPart_SepPart.2005,1,,,1 = experienced; 0 = did not experience
wp,WP14113,Separated From Partner,,Life Event,SepPart,SepPart,2006,Life Event__SepPart_SepPart.2006,1,,,1 = experienced; 0 = did not experience
xp,XP14816,Separated From Partner,,Life Event,SepPart,SepPart,2007,Life Event__SepPart_SepPart.2007,1,,,1 = experienced; 0 = did not experience
yp,YP15416,Separated From Partner,,Life Event,SepPart,SepPart,2008,Life Event__SepPart_SepPart.2008,1,,,1 = experienced; 0 = did not experience
zp,ZP15616,Separated From Partner,,Life Event,SepPart,SepPart,2009,Life Event__SepPart_SepPart.2009,1,,,1 = experienced; 0 = did not experience
bap,BAP15916,Separated From Partner,,Life Event,SepPart,SepPart,2010,Life Event__SepPart_SepPart.2010,1,,,1 = experienced; 0 = did not experience
bbp,BBP15119,Separated From Partner,,Life Event,SepPart,SepPart,2011,Life Event__SepPart_SepPart.2011,1,,,1 = experienced; 0 = did not experience
bcp,BCP15019,Separated From Partner,,Life Event,SepPart,SepPart,2012,Life Event__SepPart_SepPart.2012,1,,,1 = experienced; 0 = did not experience
bdp,BDP15719,Separated From Partner,,Life Event,SepPart,SepPart,2013,Life Event__SepPart_SepPart.2013,1,,,1 = experienced; 0 = did not experience
bep,BEP15019,Separated From Partner,,Life Event,SepPart,SepPart,2014,Life Event__SepPart_SepPart.2014,1,,,1 = experienced; 0 = did not experience
bfp,BFP17319,Separated From Partner,,Life Event,SepPart,SepPart,2015,Life Event__SepPart_SepPart.2015,1,,,1 = experienced; 0 = did not experience
vp,vp1e01,Retired In Prev. Yr,,Life Event,Retire,Retire,2005,Life Event__Retire_Retire.2005,1,,,1 = experienced; 0 = did not experience
wp,wp1e01,Retired In Prev. Yr,,Life Event,Retire,Retire,2006,Life Event__Retire_Retire.2006,1,,,1 = experienced; 0 = did not experience
xp,xp1e01,Retired In Prev. Yr,,Life Event,Retire,Retire,2007,Life Event__Retire_Retire.2007,1,,,1 = experienced; 0 = did not experience
yp,yp1e01,Retired In Prev. Yr,,Life Event,Retire,Retire,2008,Life Event__Retire_Retire.2008,1,,,1 = experienced; 0 = did not experience
zp,zp1e01,Retired In Prev. Yr,,Life Event,Retire,Retire,2009,Life Event__Retire_Retire.2009,1,,,1 = experienced; 0 = did not experience
bap,bap1e01,Retired In Prev. Yr,,Life Event,Retire,Retire,2010,Life Event__Retire_Retire.2010,1,,,1 = experienced; 0 = did not experience
bbp,bbp1e01,Retired In Prev. Yr,,Life Event,Retire,Retire,2011,Life Event__Retire_Retire.2011,1,,,1 = experienced; 0 = did not experience
bcp,bcp1e01,Retired In Prev. Yr,,Life Event,Retire,Retire,2012,Life Event__Retire_Retire.2012,1,,,1 = experienced; 0 = did not experience
bdp,bdp1e01,Retired In Prev. Yr,,Life Event,Retire,Retire,2013,Life Event__Retire_Retire.2013,1,,,1 = experienced; 0 = did not experience
bep,bep1e01,Retired In Prev. Yr,,Life Event,Retire,Retire,2014,Life Event__Retire_Retire.2014,1,,,1 = experienced; 0 = did not experience
bfp,bfp1e01,Retired In Prev. Yr,,Life Event,Retire,Retire,2015,Life Event__Retire_Retire.2015,1,,,1 = experienced; 0 = did not experience
zp,zp10203,Cardiopathy,"[-6] Version of questionnaire with modified filtering 
[-5] Not included in this version of the questionnaire 
[-4] Inadmissible multiple response 
[-3] Answer improbable 
[-2] Does not apply 
[-1] No Answer 
[1] Yes ",Life Event,physhlthevnt,cardiopathy,2009,Life Event__physhlthevnt_cardiopathy.2009,1,,,1 = experienced; 0 = did not experience
bbp,bbp10004,Cardiopathy,"[-6] Version of questionnaire with modified filtering 
[-5] Not included in this version of the questionnaire 
[-4] Inadmissible multiple response 
[-3] Answer improbable 
[-2] Does not apply 
[-1] No Answer 
[1] Yes ",Life Event,physhlthevnt,cardiopathy,2011,Life Event__physhlthevnt_cardiopathy.2011,1,,,1 = experienced; 0 = did not experience
bdp,bdp11204,Cardiopathy,"[-6] Version of questionnaire with modified filtering 
[-5] Not included in this version of the questionnaire 
[-4] Inadmissible multiple response 
[-3] Answer improbable 
[-2] Does not apply 
[-1] No Answer 
[1] Yes ",Life Event,physhlthevnt,cardiopathy,2013,Life Event__physhlthevnt_cardiopathy.2013,1,,,1 = experienced; 0 = did not experience
bfp,bfp12904,Cardiopathy,"[-6] Version of questionnaire with modified filtering 
[-5] Not included in this version of the questionnaire 
[-4] Inadmissible multiple response 
[-3] Answer improbable 
[-2] Does not apply 
[-1] No Answer 
[1] Yes ",Life Event,physhlthevnt,cardiopathy,2015,Life Event__physhlthevnt_cardiopathy.2015,1,,,1 = experienced; 0 = did not experience
zp,zp10210,Other Illness,,Life Event,physhlthevnt,othrIllns,2009,Life Event__physhlthevnt_othrIllns.2009,1,,,1 = experienced; 0 = did not experience
bbp,bbp10013,Other Illness,,Life Event,physhlthevnt,othrIllns,2011,Life Event__physhlthevnt_othrIllns.2011,1,,,1 = experienced; 0 = did not experience
bdp,bdp11213,Other Illness,,Life Event,physhlthevnt,othrIllns,2013,Life Event__physhlthevnt_othrIllns.2013,1,,,1 = experienced; 0 = did not experience
bfp,bfp12913,Other Illness,,Life Event,physhlthevnt,othrIllns,2015,Life Event__physhlthevnt_othrIllns.2015,1,,,1 = experienced; 0 = did not experience
zp,zp10209,Dementia,,Life Event,physhlthevnt,dementia,2009,Life Event__physhlthevnt_dementia.2009,1,,,1 = experienced; 0 = did not experience
bbp,bbp10010,Dementia,,Life Event,physhlthevnt,dementia,2011,Life Event__physhlthevnt_dementia.2011,1,,,1 = experienced; 0 = did not experience
bdp,bdp11210,Dementia,,Life Event,physhlthevnt,dementia,2013,Life Event__physhlthevnt_dementia.2013,1,,,1 = experienced; 0 = did not experience
bfp,bfp12910,Dementia,,Life Event,physhlthevnt,dementia,2015,Life Event__physhlthevnt_dementia.2015,1,,,1 = experienced; 0 = did not experience
bdp,bdp11209,Depressive Psychosis,,Life Event,mntlhlthevnt,depPsych,2009,Life Event__mntlhlthevnt_depPsych.2009,1,,,1 = experienced; 0 = did not experience
zp,zp10208,Depressive Psychosis,,Life Event,mntlhlthevnt,depPsych,2011,Life Event__mntlhlthevnt_depPsych.2011,1,,,1 = experienced; 0 = did not experience
bfp,bfp12909,Depressive Psychosis,,Life Event,mntlhlthevnt,depPsych,2013,Life Event__mntlhlthevnt_depPsych.2013,1,,,1 = experienced; 0 = did not experience
bbp,bbp10009,Depressive Psychosis,,Life Event,mntlhlthevnt,depPsych,2015,Life Event__mntlhlthevnt_depPsych.2015,1,,,1 = experienced; 0 = did not experience
gpequiv,m1111005,Arthritis,,Life Event,physhlthevnt,arthritis,2005,Life Event__physhlthevnt_arthritis.2005,1,,,1 = experienced; 0 = did not experience
cpequiv,m1111006,Arthritis,,Life Event,physhlthevnt,arthritis,2006,Life Event__physhlthevnt_arthritis.2006,1,,,1 = experienced; 0 = did not experience
apequiv,m1111007,Arthritis,,Life Event,physhlthevnt,arthritis,2007,Life Event__physhlthevnt_arthritis.2007,1,,,1 = experienced; 0 = did not experience
bpequiv,m1111008,Arthritis,,Life Event,physhlthevnt,arthritis,2008,Life Event__physhlthevnt_arthritis.2008,1,,,1 = experienced; 0 = did not experience
vpequiv,m1111009,Arthritis,,Life Event,physhlthevnt,arthritis,2009,Life Event__physhlthevnt_arthritis.2009,1,,,1 = experienced; 0 = did not experience
kpequiv,m1111010,Arthritis,,Life Event,physhlthevnt,arthritis,2010,Life Event__physhlthevnt_arthritis.2010,1,,,1 = experienced; 0 = did not experience
bapequiv,m1111011,Arthritis,,Life Event,physhlthevnt,arthritis,2011,Life Event__physhlthevnt_arthritis.2011,1,,,1 = experienced; 0 = did not experience
bfpequiv,m1111012,Arthritis,,Life Event,physhlthevnt,arthritis,2012,Life Event__physhlthevnt_arthritis.2012,1,,,1 = experienced; 0 = did not experience
ipequiv,m1111013,Arthritis,,Life Event,physhlthevnt,arthritis,2013,Life Event__physhlthevnt_arthritis.2013,1,,,1 = experienced; 0 = did not experience
rpequiv,m1111014,Arthritis,,Life Event,physhlthevnt,arthritis,2014,Life Event__physhlthevnt_arthritis.2014,1,,,1 = experienced; 0 = did not experience
opequiv,m1111015,Arthritis,,Life Event,physhlthevnt,arthritis,2015,Life Event__physhlthevnt_arthritis.2015,1,,,1 = experienced; 0 = did not experience
gpequiv,m1110905,Psychiatric problems,,Life Event,mntlhlthevnt,psychProb,2005,Life Event__mntlhlthevnt_psychProb.2005,1,,,1 = experienced; 0 = did not experience
cpequiv,m1110906,Psychiatric problems,,Life Event,mntlhlthevnt,psychProb,2006,Life Event__mntlhlthevnt_psychProb.2006,1,,,1 = experienced; 0 = did not experience
apequiv,m1110907,Psychiatric problems,,Life Event,mntlhlthevnt,psychProb,2007,Life Event__mntlhlthevnt_psychProb.2007,1,,,1 = experienced; 0 = did not experience
bpequiv,m1110908,Psychiatric problems,,Life Event,mntlhlthevnt,psychProb,2008,Life Event__mntlhlthevnt_psychProb.2008,1,,,1 = experienced; 0 = did not experience
vpequiv,m1110909,Psychiatric problems,,Life Event,mntlhlthevnt,psychProb,2009,Life Event__mntlhlthevnt_psychProb.2009,1,,,1 = experienced; 0 = did not experience
kpequiv,m1110910,Psychiatric problems,,Life Event,mntlhlthevnt,psychProb,2010,Life Event__mntlhlthevnt_psychProb.2010,1,,,1 = experienced; 0 = did not experience
bapequiv,m1110911,Psychiatric problems,,Life Event,mntlhlthevnt,psychProb,2011,Life Event__mntlhlthevnt_psychProb.2011,1,,,1 = experienced; 0 = did not experience
bfpequiv,m1110912,Psychiatric problems,,Life Event,mntlhlthevnt,psychProb,2012,Life Event__mntlhlthevnt_psychProb.2012,1,,,1 = experienced; 0 = did not experience
ipequiv,m1110913,Psychiatric problems,,Life Event,mntlhlthevnt,psychProb,2013,Life Event__mntlhlthevnt_psychProb.2013,1,,,1 = experienced; 0 = did not experience
rpequiv,m1110914,Psychiatric problems,,Life Event,mntlhlthevnt,psychProb,2014,Life Event__mntlhlthevnt_psychProb.2014,1,,,1 = experienced; 0 = did not experience
opequiv,m1110915,Psychiatric problems,,Life Event,mntlhlthevnt,psychProb,2015,Life Event__mntlhlthevnt_psychProb.2015,1,,,1 = experienced; 0 = did not experience
gpequiv,m1110805,Have or had cancer,,Life Event,physhlthevnt,cancer,2005,Life Event__physhlthevnt_cancer.2005,1,,,1 = experienced; 0 = did not experience
cpequiv,m1110806,Have or had cancer,,Life Event,physhlthevnt,cancer,2006,Life Event__physhlthevnt_cancer.2006,1,,,1 = experienced; 0 = did not experience
apequiv,m1110807,Have or had cancer,,Life Event,physhlthevnt,cancer,2007,Life Event__physhlthevnt_cancer.2007,1,,,1 = experienced; 0 = did not experience
bpequiv,m1110808,Have or had cancer,,Life Event,physhlthevnt,cancer,2008,Life Event__physhlthevnt_cancer.2008,1,,,1 = experienced; 0 = did not experience
vpequiv,m1110809,Have or had cancer,,Life Event,physhlthevnt,cancer,2009,Life Event__physhlthevnt_cancer.2009,1,,,1 = experienced; 0 = did not experience
kpequiv,m1110810,Have or had cancer,,Life Event,physhlthevnt,cancer,2010,Life Event__physhlthevnt_cancer.2010,1,,,1 = experienced; 0 = did not experience
bapequiv,m1110811,Have or had cancer,,Life Event,physhlthevnt,cancer,2011,Life Event__physhlthevnt_cancer.2011,1,,,1 = experienced; 0 = did not experience
bfpequiv,m1110812,Have or had cancer,,Life Event,physhlthevnt,cancer,2012,Life Event__physhlthevnt_cancer.2012,1,,,1 = experienced; 0 = did not experience
ipequiv,m1110813,Have or had cancer,,Life Event,physhlthevnt,cancer,2013,Life Event__physhlthevnt_cancer.2013,1,,,1 = experienced; 0 = did not experience
rpequiv,m1110814,Have or had cancer,,Life Event,physhlthevnt,cancer,2014,Life Event__physhlthevnt_cancer.2014,1,,,1 = experienced; 0 = did not experience
opequiv,m1110815,Have or had cancer,,Life Event,physhlthevnt,cancer,2015,Life Event__physhlthevnt_cancer.2015,1,,,1 = experienced; 0 = did not experience
gpequiv,m1110705,Have or had diabetes,,Life Event,physhlthevnt,diabetes,2005,Life Event__physhlthevnt_diabetes.2005,1,,,1 = experienced; 0 = did not experience
cpequiv,m1110706,Have or had diabetes,,Life Event,physhlthevnt,diabetes,2006,Life Event__physhlthevnt_diabetes.2006,1,,,1 = experienced; 0 = did not experience
apequiv,m1110707,Have or had diabetes,,Life Event,physhlthevnt,diabetes,2007,Life Event__physhlthevnt_diabetes.2007,1,,,1 = experienced; 0 = did not experience
bpequiv,m1110708,Have or had diabetes,,Life Event,physhlthevnt,diabetes,2008,Life Event__physhlthevnt_diabetes.2008,1,,,1 = experienced; 0 = did not experience
vpequiv,m1110709,Have or had diabetes,,Life Event,physhlthevnt,diabetes,2009,Life Event__physhlthevnt_diabetes.2009,1,,,1 = experienced; 0 = did not experience
kpequiv,m1110710,Have or had diabetes,,Life Event,physhlthevnt,diabetes,2010,Life Event__physhlthevnt_diabetes.2010,1,,,1 = experienced; 0 = did not experience
bapequiv,m1110711,Have or had diabetes,,Life Event,physhlthevnt,diabetes,2011,Life Event__physhlthevnt_diabetes.2011,1,,,1 = experienced; 0 = did not experience
bfpequiv,m1110712,Have or had diabetes,,Life Event,physhlthevnt,diabetes,2012,Life Event__physhlthevnt_diabetes.2012,1,,,1 = experienced; 0 = did not experience
ipequiv,m1110713,Have or had diabetes,,Life Event,physhlthevnt,diabetes,2013,Life Event__physhlthevnt_diabetes.2013,1,,,1 = experienced; 0 = did not experience
rpequiv,m1110714,Have or had diabetes,,Life Event,physhlthevnt,diabetes,2014,Life Event__physhlthevnt_diabetes.2014,1,,,1 = experienced; 0 = did not experience
opequiv,m1110715,Have or had diabetes,,Life Event,physhlthevnt,diabetes,2015,Life Event__physhlthevnt_diabetes.2015,1,,,1 = experienced; 0 = did not experience
gpequiv,m1110605,High blood pressure/circulation problems,,Life Event,physhlthevnt,highBP,2005,Life Event__physhlthevnt_highBP.2005,1,,,1 = experienced; 0 = did not experience
cpequiv,m1110606,High blood pressure/circulation problems,,Life Event,physhlthevnt,highBP,2006,Life Event__physhlthevnt_highBP.2006,1,,,1 = experienced; 0 = did not experience
apequiv,m1110607,High blood pressure/circulation problems,,Life Event,physhlthevnt,highBP,2007,Life Event__physhlthevnt_highBP.2007,1,,,1 = experienced; 0 = did not experience
bpequiv,m1110608,High blood pressure/circulation problems,,Life Event,physhlthevnt,highBP,2008,Life Event__physhlthevnt_highBP.2008,1,,,1 = experienced; 0 = did not experience
vpequiv,m1110609,High blood pressure/circulation problems,,Life Event,physhlthevnt,highBP,2009,Life Event__physhlthevnt_highBP.2009,1,,,1 = experienced; 0 = did not experience
kpequiv,m1110610,High blood pressure/circulation problems,,Life Event,physhlthevnt,highBP,2010,Life Event__physhlthevnt_highBP.2010,1,,,1 = experienced; 0 = did not experience
bapequiv,m1110611,High blood pressure/circulation problems,,Life Event,physhlthevnt,highBP,2011,Life Event__physhlthevnt_highBP.2011,1,,,1 = experienced; 0 = did not experience
bfpequiv,m1110612,High blood pressure/circulation problems,,Life Event,physhlthevnt,highBP,2012,Life Event__physhlthevnt_highBP.2012,1,,,1 = experienced; 0 = did not experience
ipequiv,m1110613,High blood pressure/circulation problems,,Life Event,physhlthevnt,highBP,2013,Life Event__physhlthevnt_highBP.2013,1,,,1 = experienced; 0 = did not experience
rpequiv,m1110614,High blood pressure/circulation problems,,Life Event,physhlthevnt,highBP,2014,Life Event__physhlthevnt_highBP.2014,1,,,1 = experienced; 0 = did not experience
opequiv,m1110615,High blood pressure/circulation problems,,Life Event,physhlthevnt,highBP,2015,Life Event__physhlthevnt_highBP.2015,1,,,1 = experienced; 0 = did not experience
gpequiv,m1110505,Have had stroke,,Life Event,physhlthevnt,stroke,2005,Life Event__physhlthevnt_stroke.2005,1,,,1 = experienced; 0 = did not experience
cpequiv,m1110506,Have had stroke,,Life Event,physhlthevnt,stroke,2006,Life Event__physhlthevnt_stroke.2006,1,,,1 = experienced; 0 = did not experience
apequiv,m1110507,Have had stroke,,Life Event,physhlthevnt,stroke,2007,Life Event__physhlthevnt_stroke.2007,1,,,1 = experienced; 0 = did not experience
bpequiv,m1110508,Have had stroke,,Life Event,physhlthevnt,stroke,2008,Life Event__physhlthevnt_stroke.2008,1,,,1 = experienced; 0 = did not experience
vpequiv,m1110509,Have had stroke,,Life Event,physhlthevnt,stroke,2009,Life Event__physhlthevnt_stroke.2009,1,,,1 = experienced; 0 = did not experience
kpequiv,m1110510,Have had stroke,,Life Event,physhlthevnt,stroke,2010,Life Event__physhlthevnt_stroke.2010,1,,,1 = experienced; 0 = did not experience
bapequiv,m1110511,Have had stroke,,Life Event,physhlthevnt,stroke,2011,Life Event__physhlthevnt_stroke.2011,1,,,1 = experienced; 0 = did not experience
bfpequiv,m1110512,Have had stroke,,Life Event,physhlthevnt,stroke,2012,Life Event__physhlthevnt_stroke.2012,1,,,1 = experienced; 0 = did not experience
ipequiv,m1110513,Have had stroke,,Life Event,physhlthevnt,stroke,2013,Life Event__physhlthevnt_stroke.2013,1,,,1 = experienced; 0 = did not experience
rpequiv,m1110514,Have had stroke,,Life Event,physhlthevnt,stroke,2014,Life Event__physhlthevnt_stroke.2014,1,,,1 = experienced; 0 = did not experience
opequiv,m1110515,Have had stroke,,Life Event,physhlthevnt,stroke,2015,Life Event__physhlthevnt_stroke.2015,1,,,1 = experienced; 0 = did not experience
zp,zp103,chronically ill for one year,,Life Event,physhlthevnt,chrncIll,2009,Life Event__physhlthevnt_chrncIll.2009,1,,,1 = experienced; 0 = did not experience
bap,bap91,chronically ill for one year,,Life Event,physhlthevnt,chrncIll,2010,Life Event__physhlthevnt_chrncIll.2010,1,,,1 = experienced; 0 = did not experience
bbp,f11p081,Chronic Illness,,Life Event,physhlthevnt,chrncIll,2011,Life Event__physhlthevnt_chrncIll.2011,1,,,1 = experienced; 0 = did not experience
bcp,bcp102,chronically ill for one year,,Life Event,physhlthevnt,chrncIll,2012,Life Event__physhlthevnt_chrncIll.2012,1,,,1 = experienced; 0 = did not experience
bdp,f13p098,Chronic Illness,,Life Event,physhlthevnt,chrncIll,2013,Life Event__physhlthevnt_chrncIll.2013,1,,,1 = experienced; 0 = did not experience
bep,bep98,chronically ill for one year,,Life Event,physhlthevnt,chrncIll,2014,Life Event__physhlthevnt_chrncIll.2014,1,,,1 = experienced; 0 = did not experience